batch,time,TNF,ETH
batch 1,0.0,0.0,0.0
batch 1,5.0,0.0,0.0
batch 1,10.0,0.0,0.0
batch 1,15.0,0.0,0.0
batch 1,20.0,0.0,0.0
batch 1,25.0,0.0,0.0
batch 1,30.0,0.0,0.0
batch 1,35.0,0.0,0.0
batch 1,40.0,0.0,0.0
batch 1,45.0,0.0,0.0
batch 1,50.0,0.0,0.0
batch 1,55.0,0.0,0.0
batch 1,60.0,0.0,0.0
batch 1,65.0,0.0,0.0
batch 1,70.0,0.0,0.0
batch 1,75.0,0.0,0.0
batch 1,80.0,0.0,0.0
batch 1,85.0,0.0,0.0
batch 1,90.0,0.0,0.0
batch 1,95.0,0.0,0.0
batch 2,0.0,0.0,0.01
batch 2,5.0,0.0,0.01
batch 2,10.0,0.0,0.01
batch 2,15.0,0.0,0.01
batch 2,20.0,0.0,0.01
batch 2,25.0,0.0,0.01
batch 2,30.0,0.0,0.01
batch 2,35.0,0.0,0.01
batch 2,40.0,0.0,0.01
batch 2,45.0,0.0,0.01
batch 2,50.0,0.0,0.01
batch 2,55.0,0.0,0.01
batch 2,60.0,0.0,0.01
batch 2,65.0,0.0,0.01
batch 2,70.0,0.0,0.01
batch 2,75.0,0.0,0.01
batch 2,80.0,0.0,0.01
batch 2,85.0,0.0,0.01
batch 2,90.0,0.0,0.01
batch 2,95.0,0.0,0.01
batch 3,0.0,0.0,0.02
batch 3,5.0,0.0,0.02
batch 3,10.0,0.0,0.02
batch 3,15.0,0.0,0.02
batch 3,20.0,0.0,0.02
batch 3,25.0,0.0,0.02
batch 3,30.0,0.0,0.02
batch 3,35.0,0.0,0.02
batch 3,40.0,0.0,0.02
batch 3,45.0,0.0,0.02
batch 3,50.0,0.0,0.02
batch 3,55.0,0.0,0.02
batch 3,60.0,0.0,0.02
batch 3,65.0,0.0,0.02
batch 3,70.0,0.0,0.02
batch 3,75.0,0.0,0.02
batch 3,80.0,0.0,0.02
batch 3,85.0,0.0,0.02
batch 3,90.0,0.0,0.02
batch 3,95.0,0.0,0.02
batch 4,0.0,0.0,0.03
batch 4,5.0,0.0,0.03
batch 4,10.0,0.0,0.03
batch 4,15.0,0.0,0.03
batch 4,20.0,0.0,0.03
batch 4,25.0,0.0,0.03
batch 4,30.0,0.0,0.03
batch 4,35.0,0.0,0.03
batch 4,40.0,0.0,0.03
batch 4,45.0,0.0,0.03
batch 4,50.0,0.0,0.03
batch 4,55.0,0.0,0.03
batch 4,60.0,0.0,0.03
batch 4,65.0,0.0,0.03
batch 4,70.0,0.0,0.03
batch 4,75.0,0.0,0.03
batch 4,80.0,0.0,0.03
batch 4,85.0,0.0,0.03
batch 4,90.0,0.0,0.03
batch 4,95.0,0.0,0.03
batch 5,0.0,0.0,0.04
batch 5,5.0,0.0,0.04
batch 5,10.0,0.0,0.04
batch 5,15.0,0.0,0.04
batch 5,20.0,0.0,0.04
batch 5,25.0,0.0,0.04
batch 5,30.0,0.0,0.04
batch 5,35.0,0.0,0.04
batch 5,40.0,0.0,0.04
batch 5,45.0,0.0,0.04
batch 5,50.0,0.0,0.04
batch 5,55.0,0.0,0.04
batch 5,60.0,0.0,0.04
batch 5,65.0,0.0,0.04
batch 5,70.0,0.0,0.04
batch 5,75.0,0.0,0.04
batch 5,80.0,0.0,0.04
batch 5,85.0,0.0,0.04
batch 5,90.0,0.0,0.04
batch 5,95.0,0.0,0.04
batch 6,0.0,0.0,0.05
batch 6,5.0,0.0,0.05
batch 6,10.0,0.0,0.05
batch 6,15.0,0.0,0.05
batch 6,20.0,0.0,0.05
batch 6,25.0,0.0,0.05
batch 6,30.0,0.0,0.05
batch 6,35.0,0.0,0.05
batch 6,40.0,0.0,0.05
batch 6,45.0,0.0,0.05
batch 6,50.0,0.0,0.05
batch 6,55.0,0.0,0.05
batch 6,60.0,0.0,0.05
batch 6,65.0,0.0,0.05
batch 6,70.0,0.0,0.05
batch 6,75.0,0.0,0.05
batch 6,80.0,0.0,0.05
batch 6,85.0,0.0,0.05
batch 6,90.0,0.0,0.05
batch 6,95.0,0.0,0.05
batch 7,0.0,0.0,0.06
batch 7,5.0,0.0,0.06
batch 7,10.0,0.0,0.06
batch 7,15.0,0.0,0.06
batch 7,20.0,0.0,0.06
batch 7,25.0,0.0,0.06
batch 7,30.0,0.0,0.06
batch 7,35.0,0.0,0.06
batch 7,40.0,0.0,0.06
batch 7,45.0,0.0,0.06
batch 7,50.0,0.0,0.06
batch 7,55.0,0.0,0.06
batch 7,60.0,0.0,0.06
batch 7,65.0,0.0,0.06
batch 7,70.0,0.0,0.06
batch 7,75.0,0.0,0.06
batch 7,80.0,0.0,0.06
batch 7,85.0,0.0,0.06
batch 7,90.0,0.0,0.06
batch 7,95.0,0.0,0.06
batch 8,0.0,0.0,0.07
batch 8,5.0,0.0,0.07
batch 8,10.0,0.0,0.07
batch 8,15.0,0.0,0.07
batch 8,20.0,0.0,0.07
batch 8,25.0,0.0,0.07
batch 8,30.0,0.0,0.07
batch 8,35.0,0.0,0.07
batch 8,40.0,0.0,0.07
batch 8,45.0,0.0,0.07
batch 8,50.0,0.0,0.07
batch 8,55.0,0.0,0.07
batch 8,60.0,0.0,0.07
batch 8,65.0,0.0,0.07
batch 8,70.0,0.0,0.07
batch 8,75.0,0.0,0.07
batch 8,80.0,0.0,0.07
batch 8,85.0,0.0,0.07
batch 8,90.0,0.0,0.07
batch 8,95.0,0.0,0.07
batch 9,0.0,0.0,0.08
batch 9,5.0,0.0,0.08
batch 9,10.0,0.0,0.08
batch 9,15.0,0.0,0.08
batch 9,20.0,0.0,0.08
batch 9,25.0,0.0,0.08
batch 9,30.0,0.0,0.08
batch 9,35.0,0.0,0.08
batch 9,40.0,0.0,0.08
batch 9,45.0,0.0,0.08
batch 9,50.0,0.0,0.08
batch 9,55.0,0.0,0.08
batch 9,60.0,0.0,0.08
batch 9,65.0,0.0,0.08
batch 9,70.0,0.0,0.08
batch 9,75.0,0.0,0.08
batch 9,80.0,0.0,0.08
batch 9,85.0,0.0,0.08
batch 9,90.0,0.0,0.08
batch 9,95.0,0.0,0.08
batch 10,0.0,0.0,0.09
batch 10,5.0,0.0,0.09
batch 10,10.0,0.0,0.09
batch 10,15.0,0.0,0.09
batch 10,20.0,0.0,0.09
batch 10,25.0,0.0,0.09
batch 10,30.0,0.0,0.09
batch 10,35.0,0.0,0.09
batch 10,40.0,0.0,0.09
batch 10,45.0,0.0,0.09
batch 10,50.0,0.0,0.09
batch 10,55.0,0.0,0.09
batch 10,60.0,0.0,0.09
batch 10,65.0,0.0,0.09
batch 10,70.0,0.0,0.09
batch 10,75.0,0.0,0.09
batch 10,80.0,0.0,0.09
batch 10,85.0,0.0,0.09
batch 10,90.0,0.0,0.09
batch 10,95.0,0.0,0.09
batch 11,0.0,0.0,0.1
batch 11,5.0,0.0,0.1
batch 11,10.0,0.0,0.1
batch 11,15.0,0.0,0.1
batch 11,20.0,0.0,0.1
batch 11,25.0,0.0,0.1
batch 11,30.0,0.0,0.1
batch 11,35.0,0.0,0.1
batch 11,40.0,0.0,0.1
batch 11,45.0,0.0,0.1
batch 11,50.0,0.0,0.1
batch 11,55.0,0.0,0.1
batch 11,60.0,0.0,0.1
batch 11,65.0,0.0,0.1
batch 11,70.0,0.0,0.1
batch 11,75.0,0.0,0.1
batch 11,80.0,0.0,0.1
batch 11,85.0,0.0,0.1
batch 11,90.0,0.0,0.1
batch 11,95.0,0.0,0.1
batch 12,0.0,0.01,0.0
batch 12,5.0,0.01,0.0
batch 12,10.0,0.01,0.0
batch 12,15.0,0.01,0.0
batch 12,20.0,0.01,0.0
batch 12,25.0,0.01,0.0
batch 12,30.0,0.01,0.0
batch 12,35.0,0.01,0.0
batch 12,40.0,0.01,0.0
batch 12,45.0,0.01,0.0
batch 12,50.0,0.01,0.0
batch 12,55.0,0.01,0.0
batch 12,60.0,0.01,0.0
batch 12,65.0,0.01,0.0
batch 12,70.0,0.01,0.0
batch 12,75.0,0.01,0.0
batch 12,80.0,0.01,0.0
batch 12,85.0,0.01,0.0
batch 12,90.0,0.01,0.0
batch 12,95.0,0.01,0.0
batch 13,0.0,0.01,0.01
batch 13,5.0,0.01,0.01
batch 13,10.0,0.01,0.01
batch 13,15.0,0.01,0.01
batch 13,20.0,0.01,0.01
batch 13,25.0,0.01,0.01
batch 13,30.0,0.01,0.01
batch 13,35.0,0.01,0.01
batch 13,40.0,0.01,0.01
batch 13,45.0,0.01,0.01
batch 13,50.0,0.01,0.01
batch 13,55.0,0.01,0.01
batch 13,60.0,0.01,0.01
batch 13,65.0,0.01,0.01
batch 13,70.0,0.01,0.01
batch 13,75.0,0.01,0.01
batch 13,80.0,0.01,0.01
batch 13,85.0,0.01,0.01
batch 13,90.0,0.01,0.01
batch 13,95.0,0.01,0.01
batch 14,0.0,0.01,0.02
batch 14,5.0,0.01,0.02
batch 14,10.0,0.01,0.02
batch 14,15.0,0.01,0.02
batch 14,20.0,0.01,0.02
batch 14,25.0,0.01,0.02
batch 14,30.0,0.01,0.02
batch 14,35.0,0.01,0.02
batch 14,40.0,0.01,0.02
batch 14,45.0,0.01,0.02
batch 14,50.0,0.01,0.02
batch 14,55.0,0.01,0.02
batch 14,60.0,0.01,0.02
batch 14,65.0,0.01,0.02
batch 14,70.0,0.01,0.02
batch 14,75.0,0.01,0.02
batch 14,80.0,0.01,0.02
batch 14,85.0,0.01,0.02
batch 14,90.0,0.01,0.02
batch 14,95.0,0.01,0.02
batch 15,0.0,0.01,0.03
batch 15,5.0,0.01,0.03
batch 15,10.0,0.01,0.03
batch 15,15.0,0.01,0.03
batch 15,20.0,0.01,0.03
batch 15,25.0,0.01,0.03
batch 15,30.0,0.01,0.03
batch 15,35.0,0.01,0.03
batch 15,40.0,0.01,0.03
batch 15,45.0,0.01,0.03
batch 15,50.0,0.01,0.03
batch 15,55.0,0.01,0.03
batch 15,60.0,0.01,0.03
batch 15,65.0,0.01,0.03
batch 15,70.0,0.01,0.03
batch 15,75.0,0.01,0.03
batch 15,80.0,0.01,0.03
batch 15,85.0,0.01,0.03
batch 15,90.0,0.01,0.03
batch 15,95.0,0.01,0.03
batch 16,0.0,0.01,0.04
batch 16,5.0,0.01,0.04
batch 16,10.0,0.01,0.04
batch 16,15.0,0.01,0.04
batch 16,20.0,0.01,0.04
batch 16,25.0,0.01,0.04
batch 16,30.0,0.01,0.04
batch 16,35.0,0.01,0.04
batch 16,40.0,0.01,0.04
batch 16,45.0,0.01,0.04
batch 16,50.0,0.01,0.04
batch 16,55.0,0.01,0.04
batch 16,60.0,0.01,0.04
batch 16,65.0,0.01,0.04
batch 16,70.0,0.01,0.04
batch 16,75.0,0.01,0.04
batch 16,80.0,0.01,0.04
batch 16,85.0,0.01,0.04
batch 16,90.0,0.01,0.04
batch 16,95.0,0.01,0.04
batch 17,0.0,0.01,0.05
batch 17,5.0,0.01,0.05
batch 17,10.0,0.01,0.05
batch 17,15.0,0.01,0.05
batch 17,20.0,0.01,0.05
batch 17,25.0,0.01,0.05
batch 17,30.0,0.01,0.05
batch 17,35.0,0.01,0.05
batch 17,40.0,0.01,0.05
batch 17,45.0,0.01,0.05
batch 17,50.0,0.01,0.05
batch 17,55.0,0.01,0.05
batch 17,60.0,0.01,0.05
batch 17,65.0,0.01,0.05
batch 17,70.0,0.01,0.05
batch 17,75.0,0.01,0.05
batch 17,80.0,0.01,0.05
batch 17,85.0,0.01,0.05
batch 17,90.0,0.01,0.05
batch 17,95.0,0.01,0.05
batch 18,0.0,0.01,0.06
batch 18,5.0,0.01,0.06
batch 18,10.0,0.01,0.06
batch 18,15.0,0.01,0.06
batch 18,20.0,0.01,0.06
batch 18,25.0,0.01,0.06
batch 18,30.0,0.01,0.06
batch 18,35.0,0.01,0.06
batch 18,40.0,0.01,0.06
batch 18,45.0,0.01,0.06
batch 18,50.0,0.01,0.06
batch 18,55.0,0.01,0.06
batch 18,60.0,0.01,0.06
batch 18,65.0,0.01,0.06
batch 18,70.0,0.01,0.06
batch 18,75.0,0.01,0.06
batch 18,80.0,0.01,0.06
batch 18,85.0,0.01,0.06
batch 18,90.0,0.01,0.06
batch 18,95.0,0.01,0.06
batch 19,0.0,0.01,0.07
batch 19,5.0,0.01,0.07
batch 19,10.0,0.01,0.07
batch 19,15.0,0.01,0.07
batch 19,20.0,0.01,0.07
batch 19,25.0,0.01,0.07
batch 19,30.0,0.01,0.07
batch 19,35.0,0.01,0.07
batch 19,40.0,0.01,0.07
batch 19,45.0,0.01,0.07
batch 19,50.0,0.01,0.07
batch 19,55.0,0.01,0.07
batch 19,60.0,0.01,0.07
batch 19,65.0,0.01,0.07
batch 19,70.0,0.01,0.07
batch 19,75.0,0.01,0.07
batch 19,80.0,0.01,0.07
batch 19,85.0,0.01,0.07
batch 19,90.0,0.01,0.07
batch 19,95.0,0.01,0.07
batch 20,0.0,0.01,0.08
batch 20,5.0,0.01,0.08
batch 20,10.0,0.01,0.08
batch 20,15.0,0.01,0.08
batch 20,20.0,0.01,0.08
batch 20,25.0,0.01,0.08
batch 20,30.0,0.01,0.08
batch 20,35.0,0.01,0.08
batch 20,40.0,0.01,0.08
batch 20,45.0,0.01,0.08
batch 20,50.0,0.01,0.08
batch 20,55.0,0.01,0.08
batch 20,60.0,0.01,0.08
batch 20,65.0,0.01,0.08
batch 20,70.0,0.01,0.08
batch 20,75.0,0.01,0.08
batch 20,80.0,0.01,0.08
batch 20,85.0,0.01,0.08
batch 20,90.0,0.01,0.08
batch 20,95.0,0.01,0.08
batch 21,0.0,0.01,0.09
batch 21,5.0,0.01,0.09
batch 21,10.0,0.01,0.09
batch 21,15.0,0.01,0.09
batch 21,20.0,0.01,0.09
batch 21,25.0,0.01,0.09
batch 21,30.0,0.01,0.09
batch 21,35.0,0.01,0.09
batch 21,40.0,0.01,0.09
batch 21,45.0,0.01,0.09
batch 21,50.0,0.01,0.09
batch 21,55.0,0.01,0.09
batch 21,60.0,0.01,0.09
batch 21,65.0,0.01,0.09
batch 21,70.0,0.01,0.09
batch 21,75.0,0.01,0.09
batch 21,80.0,0.01,0.09
batch 21,85.0,0.01,0.09
batch 21,90.0,0.01,0.09
batch 21,95.0,0.01,0.09
batch 22,0.0,0.01,0.1
batch 22,5.0,0.01,0.1
batch 22,10.0,0.01,0.1
batch 22,15.0,0.01,0.1
batch 22,20.0,0.01,0.1
batch 22,25.0,0.01,0.1
batch 22,30.0,0.01,0.1
batch 22,35.0,0.01,0.1
batch 22,40.0,0.01,0.1
batch 22,45.0,0.01,0.1
batch 22,50.0,0.01,0.1
batch 22,55.0,0.01,0.1
batch 22,60.0,0.01,0.1
batch 22,65.0,0.01,0.1
batch 22,70.0,0.01,0.1
batch 22,75.0,0.01,0.1
batch 22,80.0,0.01,0.1
batch 22,85.0,0.01,0.1
batch 22,90.0,0.01,0.1
batch 22,95.0,0.01,0.1
batch 23,0.0,0.02,0.0
batch 23,5.0,0.02,0.0
batch 23,10.0,0.02,0.0
batch 23,15.0,0.02,0.0
batch 23,20.0,0.02,0.0
batch 23,25.0,0.02,0.0
batch 23,30.0,0.02,0.0
batch 23,35.0,0.02,0.0
batch 23,40.0,0.02,0.0
batch 23,45.0,0.02,0.0
batch 23,50.0,0.02,0.0
batch 23,55.0,0.02,0.0
batch 23,60.0,0.02,0.0
batch 23,65.0,0.02,0.0
batch 23,70.0,0.02,0.0
batch 23,75.0,0.02,0.0
batch 23,80.0,0.02,0.0
batch 23,85.0,0.02,0.0
batch 23,90.0,0.02,0.0
batch 23,95.0,0.02,0.0
batch 24,0.0,0.02,0.01
batch 24,5.0,0.02,0.01
batch 24,10.0,0.02,0.01
batch 24,15.0,0.02,0.01
batch 24,20.0,0.02,0.01
batch 24,25.0,0.02,0.01
batch 24,30.0,0.02,0.01
batch 24,35.0,0.02,0.01
batch 24,40.0,0.02,0.01
batch 24,45.0,0.02,0.01
batch 24,50.0,0.02,0.01
batch 24,55.0,0.02,0.01
batch 24,60.0,0.02,0.01
batch 24,65.0,0.02,0.01
batch 24,70.0,0.02,0.01
batch 24,75.0,0.02,0.01
batch 24,80.0,0.02,0.01
batch 24,85.0,0.02,0.01
batch 24,90.0,0.02,0.01
batch 24,95.0,0.02,0.01
batch 25,0.0,0.02,0.02
batch 25,5.0,0.02,0.02
batch 25,10.0,0.02,0.02
batch 25,15.0,0.02,0.02
batch 25,20.0,0.02,0.02
batch 25,25.0,0.02,0.02
batch 25,30.0,0.02,0.02
batch 25,35.0,0.02,0.02
batch 25,40.0,0.02,0.02
batch 25,45.0,0.02,0.02
batch 25,50.0,0.02,0.02
batch 25,55.0,0.02,0.02
batch 25,60.0,0.02,0.02
batch 25,65.0,0.02,0.02
batch 25,70.0,0.02,0.02
batch 25,75.0,0.02,0.02
batch 25,80.0,0.02,0.02
batch 25,85.0,0.02,0.02
batch 25,90.0,0.02,0.02
batch 25,95.0,0.02,0.02
batch 26,0.0,0.02,0.03
batch 26,5.0,0.02,0.03
batch 26,10.0,0.02,0.03
batch 26,15.0,0.02,0.03
batch 26,20.0,0.02,0.03
batch 26,25.0,0.02,0.03
batch 26,30.0,0.02,0.03
batch 26,35.0,0.02,0.03
batch 26,40.0,0.02,0.03
batch 26,45.0,0.02,0.03
batch 26,50.0,0.02,0.03
batch 26,55.0,0.02,0.03
batch 26,60.0,0.02,0.03
batch 26,65.0,0.02,0.03
batch 26,70.0,0.02,0.03
batch 26,75.0,0.02,0.03
batch 26,80.0,0.02,0.03
batch 26,85.0,0.02,0.03
batch 26,90.0,0.02,0.03
batch 26,95.0,0.02,0.03
batch 27,0.0,0.02,0.04
batch 27,5.0,0.02,0.04
batch 27,10.0,0.02,0.04
batch 27,15.0,0.02,0.04
batch 27,20.0,0.02,0.04
batch 27,25.0,0.02,0.04
batch 27,30.0,0.02,0.04
batch 27,35.0,0.02,0.04
batch 27,40.0,0.02,0.04
batch 27,45.0,0.02,0.04
batch 27,50.0,0.02,0.04
batch 27,55.0,0.02,0.04
batch 27,60.0,0.02,0.04
batch 27,65.0,0.02,0.04
batch 27,70.0,0.02,0.04
batch 27,75.0,0.02,0.04
batch 27,80.0,0.02,0.04
batch 27,85.0,0.02,0.04
batch 27,90.0,0.02,0.04
batch 27,95.0,0.02,0.04
batch 28,0.0,0.02,0.05
batch 28,5.0,0.02,0.05
batch 28,10.0,0.02,0.05
batch 28,15.0,0.02,0.05
batch 28,20.0,0.02,0.05
batch 28,25.0,0.02,0.05
batch 28,30.0,0.02,0.05
batch 28,35.0,0.02,0.05
batch 28,40.0,0.02,0.05
batch 28,45.0,0.02,0.05
batch 28,50.0,0.02,0.05
batch 28,55.0,0.02,0.05
batch 28,60.0,0.02,0.05
batch 28,65.0,0.02,0.05
batch 28,70.0,0.02,0.05
batch 28,75.0,0.02,0.05
batch 28,80.0,0.02,0.05
batch 28,85.0,0.02,0.05
batch 28,90.0,0.02,0.05
batch 28,95.0,0.02,0.05
batch 29,0.0,0.02,0.06
batch 29,5.0,0.02,0.06
batch 29,10.0,0.02,0.06
batch 29,15.0,0.02,0.06
batch 29,20.0,0.02,0.06
batch 29,25.0,0.02,0.06
batch 29,30.0,0.02,0.06
batch 29,35.0,0.02,0.06
batch 29,40.0,0.02,0.06
batch 29,45.0,0.02,0.06
batch 29,50.0,0.02,0.06
batch 29,55.0,0.02,0.06
batch 29,60.0,0.02,0.06
batch 29,65.0,0.02,0.06
batch 29,70.0,0.02,0.06
batch 29,75.0,0.02,0.06
batch 29,80.0,0.02,0.06
batch 29,85.0,0.02,0.06
batch 29,90.0,0.02,0.06
batch 29,95.0,0.02,0.06
batch 30,0.0,0.02,0.07
batch 30,5.0,0.02,0.07
batch 30,10.0,0.02,0.07
batch 30,15.0,0.02,0.07
batch 30,20.0,0.02,0.07
batch 30,25.0,0.02,0.07
batch 30,30.0,0.02,0.07
batch 30,35.0,0.02,0.07
batch 30,40.0,0.02,0.07
batch 30,45.0,0.02,0.07
batch 30,50.0,0.02,0.07
batch 30,55.0,0.02,0.07
batch 30,60.0,0.02,0.07
batch 30,65.0,0.02,0.07
batch 30,70.0,0.02,0.07
batch 30,75.0,0.02,0.07
batch 30,80.0,0.02,0.07
batch 30,85.0,0.02,0.07
batch 30,90.0,0.02,0.07
batch 30,95.0,0.02,0.07
batch 31,0.0,0.02,0.08
batch 31,5.0,0.02,0.08
batch 31,10.0,0.02,0.08
batch 31,15.0,0.02,0.08
batch 31,20.0,0.02,0.08
batch 31,25.0,0.02,0.08
batch 31,30.0,0.02,0.08
batch 31,35.0,0.02,0.08
batch 31,40.0,0.02,0.08
batch 31,45.0,0.02,0.08
batch 31,50.0,0.02,0.08
batch 31,55.0,0.02,0.08
batch 31,60.0,0.02,0.08
batch 31,65.0,0.02,0.08
batch 31,70.0,0.02,0.08
batch 31,75.0,0.02,0.08
batch 31,80.0,0.02,0.08
batch 31,85.0,0.02,0.08
batch 31,90.0,0.02,0.08
batch 31,95.0,0.02,0.08
batch 32,0.0,0.02,0.09
batch 32,5.0,0.02,0.09
batch 32,10.0,0.02,0.09
batch 32,15.0,0.02,0.09
batch 32,20.0,0.02,0.09
batch 32,25.0,0.02,0.09
batch 32,30.0,0.02,0.09
batch 32,35.0,0.02,0.09
batch 32,40.0,0.02,0.09
batch 32,45.0,0.02,0.09
batch 32,50.0,0.02,0.09
batch 32,55.0,0.02,0.09
batch 32,60.0,0.02,0.09
batch 32,65.0,0.02,0.09
batch 32,70.0,0.02,0.09
batch 32,75.0,0.02,0.09
batch 32,80.0,0.02,0.09
batch 32,85.0,0.02,0.09
batch 32,90.0,0.02,0.09
batch 32,95.0,0.02,0.09
batch 33,0.0,0.02,0.1
batch 33,5.0,0.02,0.1
batch 33,10.0,0.02,0.1
batch 33,15.0,0.02,0.1
batch 33,20.0,0.02,0.1
batch 33,25.0,0.02,0.1
batch 33,30.0,0.02,0.1
batch 33,35.0,0.02,0.1
batch 33,40.0,0.02,0.1
batch 33,45.0,0.02,0.1
batch 33,50.0,0.02,0.1
batch 33,55.0,0.02,0.1
batch 33,60.0,0.02,0.1
batch 33,65.0,0.02,0.1
batch 33,70.0,0.02,0.1
batch 33,75.0,0.02,0.1
batch 33,80.0,0.02,0.1
batch 33,85.0,0.02,0.1
batch 33,90.0,0.02,0.1
batch 33,95.0,0.02,0.1
batch 34,0.0,0.03,0.0
batch 34,5.0,0.03,0.0
batch 34,10.0,0.03,0.0
batch 34,15.0,0.03,0.0
batch 34,20.0,0.03,0.0
batch 34,25.0,0.03,0.0
batch 34,30.0,0.03,0.0
batch 34,35.0,0.03,0.0
batch 34,40.0,0.03,0.0
batch 34,45.0,0.03,0.0
batch 34,50.0,0.03,0.0
batch 34,55.0,0.03,0.0
batch 34,60.0,0.03,0.0
batch 34,65.0,0.03,0.0
batch 34,70.0,0.03,0.0
batch 34,75.0,0.03,0.0
batch 34,80.0,0.03,0.0
batch 34,85.0,0.03,0.0
batch 34,90.0,0.03,0.0
batch 34,95.0,0.03,0.0
batch 35,0.0,0.03,0.01
batch 35,5.0,0.03,0.01
batch 35,10.0,0.03,0.01
batch 35,15.0,0.03,0.01
batch 35,20.0,0.03,0.01
batch 35,25.0,0.03,0.01
batch 35,30.0,0.03,0.01
batch 35,35.0,0.03,0.01
batch 35,40.0,0.03,0.01
batch 35,45.0,0.03,0.01
batch 35,50.0,0.03,0.01
batch 35,55.0,0.03,0.01
batch 35,60.0,0.03,0.01
batch 35,65.0,0.03,0.01
batch 35,70.0,0.03,0.01
batch 35,75.0,0.03,0.01
batch 35,80.0,0.03,0.01
batch 35,85.0,0.03,0.01
batch 35,90.0,0.03,0.01
batch 35,95.0,0.03,0.01
batch 36,0.0,0.03,0.02
batch 36,5.0,0.03,0.02
batch 36,10.0,0.03,0.02
batch 36,15.0,0.03,0.02
batch 36,20.0,0.03,0.02
batch 36,25.0,0.03,0.02
batch 36,30.0,0.03,0.02
batch 36,35.0,0.03,0.02
batch 36,40.0,0.03,0.02
batch 36,45.0,0.03,0.02
batch 36,50.0,0.03,0.02
batch 36,55.0,0.03,0.02
batch 36,60.0,0.03,0.02
batch 36,65.0,0.03,0.02
batch 36,70.0,0.03,0.02
batch 36,75.0,0.03,0.02
batch 36,80.0,0.03,0.02
batch 36,85.0,0.03,0.02
batch 36,90.0,0.03,0.02
batch 36,95.0,0.03,0.02
batch 37,0.0,0.03,0.03
batch 37,5.0,0.03,0.03
batch 37,10.0,0.03,0.03
batch 37,15.0,0.03,0.03
batch 37,20.0,0.03,0.03
batch 37,25.0,0.03,0.03
batch 37,30.0,0.03,0.03
batch 37,35.0,0.03,0.03
batch 37,40.0,0.03,0.03
batch 37,45.0,0.03,0.03
batch 37,50.0,0.03,0.03
batch 37,55.0,0.03,0.03
batch 37,60.0,0.03,0.03
batch 37,65.0,0.03,0.03
batch 37,70.0,0.03,0.03
batch 37,75.0,0.03,0.03
batch 37,80.0,0.03,0.03
batch 37,85.0,0.03,0.03
batch 37,90.0,0.03,0.03
batch 37,95.0,0.03,0.03
batch 38,0.0,0.03,0.04
batch 38,5.0,0.03,0.04
batch 38,10.0,0.03,0.04
batch 38,15.0,0.03,0.04
batch 38,20.0,0.03,0.04
batch 38,25.0,0.03,0.04
batch 38,30.0,0.03,0.04
batch 38,35.0,0.03,0.04
batch 38,40.0,0.03,0.04
batch 38,45.0,0.03,0.04
batch 38,50.0,0.03,0.04
batch 38,55.0,0.03,0.04
batch 38,60.0,0.03,0.04
batch 38,65.0,0.03,0.04
batch 38,70.0,0.03,0.04
batch 38,75.0,0.03,0.04
batch 38,80.0,0.03,0.04
batch 38,85.0,0.03,0.04
batch 38,90.0,0.03,0.04
batch 38,95.0,0.03,0.04
batch 39,0.0,0.03,0.05
batch 39,5.0,0.03,0.05
batch 39,10.0,0.03,0.05
batch 39,15.0,0.03,0.05
batch 39,20.0,0.03,0.05
batch 39,25.0,0.03,0.05
batch 39,30.0,0.03,0.05
batch 39,35.0,0.03,0.05
batch 39,40.0,0.03,0.05
batch 39,45.0,0.03,0.05
batch 39,50.0,0.03,0.05
batch 39,55.0,0.03,0.05
batch 39,60.0,0.03,0.05
batch 39,65.0,0.03,0.05
batch 39,70.0,0.03,0.05
batch 39,75.0,0.03,0.05
batch 39,80.0,0.03,0.05
batch 39,85.0,0.03,0.05
batch 39,90.0,0.03,0.05
batch 39,95.0,0.03,0.05
batch 40,0.0,0.03,0.06
batch 40,5.0,0.03,0.06
batch 40,10.0,0.03,0.06
batch 40,15.0,0.03,0.06
batch 40,20.0,0.03,0.06
batch 40,25.0,0.03,0.06
batch 40,30.0,0.03,0.06
batch 40,35.0,0.03,0.06
batch 40,40.0,0.03,0.06
batch 40,45.0,0.03,0.06
batch 40,50.0,0.03,0.06
batch 40,55.0,0.03,0.06
batch 40,60.0,0.03,0.06
batch 40,65.0,0.03,0.06
batch 40,70.0,0.03,0.06
batch 40,75.0,0.03,0.06
batch 40,80.0,0.03,0.06
batch 40,85.0,0.03,0.06
batch 40,90.0,0.03,0.06
batch 40,95.0,0.03,0.06
batch 41,0.0,0.03,0.07
batch 41,5.0,0.03,0.07
batch 41,10.0,0.03,0.07
batch 41,15.0,0.03,0.07
batch 41,20.0,0.03,0.07
batch 41,25.0,0.03,0.07
batch 41,30.0,0.03,0.07
batch 41,35.0,0.03,0.07
batch 41,40.0,0.03,0.07
batch 41,45.0,0.03,0.07
batch 41,50.0,0.03,0.07
batch 41,55.0,0.03,0.07
batch 41,60.0,0.03,0.07
batch 41,65.0,0.03,0.07
batch 41,70.0,0.03,0.07
batch 41,75.0,0.03,0.07
batch 41,80.0,0.03,0.07
batch 41,85.0,0.03,0.07
batch 41,90.0,0.03,0.07
batch 41,95.0,0.03,0.07
batch 42,0.0,0.03,0.08
batch 42,5.0,0.03,0.08
batch 42,10.0,0.03,0.08
batch 42,15.0,0.03,0.08
batch 42,20.0,0.03,0.08
batch 42,25.0,0.03,0.08
batch 42,30.0,0.03,0.08
batch 42,35.0,0.03,0.08
batch 42,40.0,0.03,0.08
batch 42,45.0,0.03,0.08
batch 42,50.0,0.03,0.08
batch 42,55.0,0.03,0.08
batch 42,60.0,0.03,0.08
batch 42,65.0,0.03,0.08
batch 42,70.0,0.03,0.08
batch 42,75.0,0.03,0.08
batch 42,80.0,0.03,0.08
batch 42,85.0,0.03,0.08
batch 42,90.0,0.03,0.08
batch 42,95.0,0.03,0.08
batch 43,0.0,0.03,0.09
batch 43,5.0,0.03,0.09
batch 43,10.0,0.03,0.09
batch 43,15.0,0.03,0.09
batch 43,20.0,0.03,0.09
batch 43,25.0,0.03,0.09
batch 43,30.0,0.03,0.09
batch 43,35.0,0.03,0.09
batch 43,40.0,0.03,0.09
batch 43,45.0,0.03,0.09
batch 43,50.0,0.03,0.09
batch 43,55.0,0.03,0.09
batch 43,60.0,0.03,0.09
batch 43,65.0,0.03,0.09
batch 43,70.0,0.03,0.09
batch 43,75.0,0.03,0.09
batch 43,80.0,0.03,0.09
batch 43,85.0,0.03,0.09
batch 43,90.0,0.03,0.09
batch 43,95.0,0.03,0.09
batch 44,0.0,0.03,0.1
batch 44,5.0,0.03,0.1
batch 44,10.0,0.03,0.1
batch 44,15.0,0.03,0.1
batch 44,20.0,0.03,0.1
batch 44,25.0,0.03,0.1
batch 44,30.0,0.03,0.1
batch 44,35.0,0.03,0.1
batch 44,40.0,0.03,0.1
batch 44,45.0,0.03,0.1
batch 44,50.0,0.03,0.1
batch 44,55.0,0.03,0.1
batch 44,60.0,0.03,0.1
batch 44,65.0,0.03,0.1
batch 44,70.0,0.03,0.1
batch 44,75.0,0.03,0.1
batch 44,80.0,0.03,0.1
batch 44,85.0,0.03,0.1
batch 44,90.0,0.03,0.1
batch 44,95.0,0.03,0.1
batch 45,0.0,0.04,0.0
batch 45,5.0,0.04,0.0
batch 45,10.0,0.04,0.0
batch 45,15.0,0.04,0.0
batch 45,20.0,0.04,0.0
batch 45,25.0,0.04,0.0
batch 45,30.0,0.04,0.0
batch 45,35.0,0.04,0.0
batch 45,40.0,0.04,0.0
batch 45,45.0,0.04,0.0
batch 45,50.0,0.04,0.0
batch 45,55.0,0.04,0.0
batch 45,60.0,0.04,0.0
batch 45,65.0,0.04,0.0
batch 45,70.0,0.04,0.0
batch 45,75.0,0.04,0.0
batch 45,80.0,0.04,0.0
batch 45,85.0,0.04,0.0
batch 45,90.0,0.04,0.0
batch 45,95.0,0.04,0.0
batch 46,0.0,0.04,0.01
batch 46,5.0,0.04,0.01
batch 46,10.0,0.04,0.01
batch 46,15.0,0.04,0.01
batch 46,20.0,0.04,0.01
batch 46,25.0,0.04,0.01
batch 46,30.0,0.04,0.01
batch 46,35.0,0.04,0.01
batch 46,40.0,0.04,0.01
batch 46,45.0,0.04,0.01
batch 46,50.0,0.04,0.01
batch 46,55.0,0.04,0.01
batch 46,60.0,0.04,0.01
batch 46,65.0,0.04,0.01
batch 46,70.0,0.04,0.01
batch 46,75.0,0.04,0.01
batch 46,80.0,0.04,0.01
batch 46,85.0,0.04,0.01
batch 46,90.0,0.04,0.01
batch 46,95.0,0.04,0.01
batch 47,0.0,0.04,0.02
batch 47,5.0,0.04,0.02
batch 47,10.0,0.04,0.02
batch 47,15.0,0.04,0.02
batch 47,20.0,0.04,0.02
batch 47,25.0,0.04,0.02
batch 47,30.0,0.04,0.02
batch 47,35.0,0.04,0.02
batch 47,40.0,0.04,0.02
batch 47,45.0,0.04,0.02
batch 47,50.0,0.04,0.02
batch 47,55.0,0.04,0.02
batch 47,60.0,0.04,0.02
batch 47,65.0,0.04,0.02
batch 47,70.0,0.04,0.02
batch 47,75.0,0.04,0.02
batch 47,80.0,0.04,0.02
batch 47,85.0,0.04,0.02
batch 47,90.0,0.04,0.02
batch 47,95.0,0.04,0.02
batch 48,0.0,0.04,0.03
batch 48,5.0,0.04,0.03
batch 48,10.0,0.04,0.03
batch 48,15.0,0.04,0.03
batch 48,20.0,0.04,0.03
batch 48,25.0,0.04,0.03
batch 48,30.0,0.04,0.03
batch 48,35.0,0.04,0.03
batch 48,40.0,0.04,0.03
batch 48,45.0,0.04,0.03
batch 48,50.0,0.04,0.03
batch 48,55.0,0.04,0.03
batch 48,60.0,0.04,0.03
batch 48,65.0,0.04,0.03
batch 48,70.0,0.04,0.03
batch 48,75.0,0.04,0.03
batch 48,80.0,0.04,0.03
batch 48,85.0,0.04,0.03
batch 48,90.0,0.04,0.03
batch 48,95.0,0.04,0.03
batch 49,0.0,0.04,0.04
batch 49,5.0,0.04,0.04
batch 49,10.0,0.04,0.04
batch 49,15.0,0.04,0.04
batch 49,20.0,0.04,0.04
batch 49,25.0,0.04,0.04
batch 49,30.0,0.04,0.04
batch 49,35.0,0.04,0.04
batch 49,40.0,0.04,0.04
batch 49,45.0,0.04,0.04
batch 49,50.0,0.04,0.04
batch 49,55.0,0.04,0.04
batch 49,60.0,0.04,0.04
batch 49,65.0,0.04,0.04
batch 49,70.0,0.04,0.04
batch 49,75.0,0.04,0.04
batch 49,80.0,0.04,0.04
batch 49,85.0,0.04,0.04
batch 49,90.0,0.04,0.04
batch 49,95.0,0.04,0.04
batch 50,0.0,0.04,0.05
batch 50,5.0,0.04,0.05
batch 50,10.0,0.04,0.05
batch 50,15.0,0.04,0.05
batch 50,20.0,0.04,0.05
batch 50,25.0,0.04,0.05
batch 50,30.0,0.04,0.05
batch 50,35.0,0.04,0.05
batch 50,40.0,0.04,0.05
batch 50,45.0,0.04,0.05
batch 50,50.0,0.04,0.05
batch 50,55.0,0.04,0.05
batch 50,60.0,0.04,0.05
batch 50,65.0,0.04,0.05
batch 50,70.0,0.04,0.05
batch 50,75.0,0.04,0.05
batch 50,80.0,0.04,0.05
batch 50,85.0,0.04,0.05
batch 50,90.0,0.04,0.05
batch 50,95.0,0.04,0.05
batch 51,0.0,0.04,0.06
batch 51,5.0,0.04,0.06
batch 51,10.0,0.04,0.06
batch 51,15.0,0.04,0.06
batch 51,20.0,0.04,0.06
batch 51,25.0,0.04,0.06
batch 51,30.0,0.04,0.06
batch 51,35.0,0.04,0.06
batch 51,40.0,0.04,0.06
batch 51,45.0,0.04,0.06
batch 51,50.0,0.04,0.06
batch 51,55.0,0.04,0.06
batch 51,60.0,0.04,0.06
batch 51,65.0,0.04,0.06
batch 51,70.0,0.04,0.06
batch 51,75.0,0.04,0.06
batch 51,80.0,0.04,0.06
batch 51,85.0,0.04,0.06
batch 51,90.0,0.04,0.06
batch 51,95.0,0.04,0.06
batch 52,0.0,0.04,0.07
batch 52,5.0,0.04,0.07
batch 52,10.0,0.04,0.07
batch 52,15.0,0.04,0.07
batch 52,20.0,0.04,0.07
batch 52,25.0,0.04,0.07
batch 52,30.0,0.04,0.07
batch 52,35.0,0.04,0.07
batch 52,40.0,0.04,0.07
batch 52,45.0,0.04,0.07
batch 52,50.0,0.04,0.07
batch 52,55.0,0.04,0.07
batch 52,60.0,0.04,0.07
batch 52,65.0,0.04,0.07
batch 52,70.0,0.04,0.07
batch 52,75.0,0.04,0.07
batch 52,80.0,0.04,0.07
batch 52,85.0,0.04,0.07
batch 52,90.0,0.04,0.07
batch 52,95.0,0.04,0.07
batch 53,0.0,0.04,0.08
batch 53,5.0,0.04,0.08
batch 53,10.0,0.04,0.08
batch 53,15.0,0.04,0.08
batch 53,20.0,0.04,0.08
batch 53,25.0,0.04,0.08
batch 53,30.0,0.04,0.08
batch 53,35.0,0.04,0.08
batch 53,40.0,0.04,0.08
batch 53,45.0,0.04,0.08
batch 53,50.0,0.04,0.08
batch 53,55.0,0.04,0.08
batch 53,60.0,0.04,0.08
batch 53,65.0,0.04,0.08
batch 53,70.0,0.04,0.08
batch 53,75.0,0.04,0.08
batch 53,80.0,0.04,0.08
batch 53,85.0,0.04,0.08
batch 53,90.0,0.04,0.08
batch 53,95.0,0.04,0.08
batch 54,0.0,0.04,0.09
batch 54,5.0,0.04,0.09
batch 54,10.0,0.04,0.09
batch 54,15.0,0.04,0.09
batch 54,20.0,0.04,0.09
batch 54,25.0,0.04,0.09
batch 54,30.0,0.04,0.09
batch 54,35.0,0.04,0.09
batch 54,40.0,0.04,0.09
batch 54,45.0,0.04,0.09
batch 54,50.0,0.04,0.09
batch 54,55.0,0.04,0.09
batch 54,60.0,0.04,0.09
batch 54,65.0,0.04,0.09
batch 54,70.0,0.04,0.09
batch 54,75.0,0.04,0.09
batch 54,80.0,0.04,0.09
batch 54,85.0,0.04,0.09
batch 54,90.0,0.04,0.09
batch 54,95.0,0.04,0.09
batch 55,0.0,0.04,0.1
batch 55,5.0,0.04,0.1
batch 55,10.0,0.04,0.1
batch 55,15.0,0.04,0.1
batch 55,20.0,0.04,0.1
batch 55,25.0,0.04,0.1
batch 55,30.0,0.04,0.1
batch 55,35.0,0.04,0.1
batch 55,40.0,0.04,0.1
batch 55,45.0,0.04,0.1
batch 55,50.0,0.04,0.1
batch 55,55.0,0.04,0.1
batch 55,60.0,0.04,0.1
batch 55,65.0,0.04,0.1
batch 55,70.0,0.04,0.1
batch 55,75.0,0.04,0.1
batch 55,80.0,0.04,0.1
batch 55,85.0,0.04,0.1
batch 55,90.0,0.04,0.1
batch 55,95.0,0.04,0.1
batch 56,0.0,0.05,0.0
batch 56,5.0,0.05,0.0
batch 56,10.0,0.05,0.0
batch 56,15.0,0.05,0.0
batch 56,20.0,0.05,0.0
batch 56,25.0,0.05,0.0
batch 56,30.0,0.05,0.0
batch 56,35.0,0.05,0.0
batch 56,40.0,0.05,0.0
batch 56,45.0,0.05,0.0
batch 56,50.0,0.05,0.0
batch 56,55.0,0.05,0.0
batch 56,60.0,0.05,0.0
batch 56,65.0,0.05,0.0
batch 56,70.0,0.05,0.0
batch 56,75.0,0.05,0.0
batch 56,80.0,0.05,0.0
batch 56,85.0,0.05,0.0
batch 56,90.0,0.05,0.0
batch 56,95.0,0.05,0.0
batch 57,0.0,0.05,0.01
batch 57,5.0,0.05,0.01
batch 57,10.0,0.05,0.01
batch 57,15.0,0.05,0.01
batch 57,20.0,0.05,0.01
batch 57,25.0,0.05,0.01
batch 57,30.0,0.05,0.01
batch 57,35.0,0.05,0.01
batch 57,40.0,0.05,0.01
batch 57,45.0,0.05,0.01
batch 57,50.0,0.05,0.01
batch 57,55.0,0.05,0.01
batch 57,60.0,0.05,0.01
batch 57,65.0,0.05,0.01
batch 57,70.0,0.05,0.01
batch 57,75.0,0.05,0.01
batch 57,80.0,0.05,0.01
batch 57,85.0,0.05,0.01
batch 57,90.0,0.05,0.01
batch 57,95.0,0.05,0.01
batch 58,0.0,0.05,0.02
batch 58,5.0,0.05,0.02
batch 58,10.0,0.05,0.02
batch 58,15.0,0.05,0.02
batch 58,20.0,0.05,0.02
batch 58,25.0,0.05,0.02
batch 58,30.0,0.05,0.02
batch 58,35.0,0.05,0.02
batch 58,40.0,0.05,0.02
batch 58,45.0,0.05,0.02
batch 58,50.0,0.05,0.02
batch 58,55.0,0.05,0.02
batch 58,60.0,0.05,0.02
batch 58,65.0,0.05,0.02
batch 58,70.0,0.05,0.02
batch 58,75.0,0.05,0.02
batch 58,80.0,0.05,0.02
batch 58,85.0,0.05,0.02
batch 58,90.0,0.05,0.02
batch 58,95.0,0.05,0.02
batch 59,0.0,0.05,0.03
batch 59,5.0,0.05,0.03
batch 59,10.0,0.05,0.03
batch 59,15.0,0.05,0.03
batch 59,20.0,0.05,0.03
batch 59,25.0,0.05,0.03
batch 59,30.0,0.05,0.03
batch 59,35.0,0.05,0.03
batch 59,40.0,0.05,0.03
batch 59,45.0,0.05,0.03
batch 59,50.0,0.05,0.03
batch 59,55.0,0.05,0.03
batch 59,60.0,0.05,0.03
batch 59,65.0,0.05,0.03
batch 59,70.0,0.05,0.03
batch 59,75.0,0.05,0.03
batch 59,80.0,0.05,0.03
batch 59,85.0,0.05,0.03
batch 59,90.0,0.05,0.03
batch 59,95.0,0.05,0.03
batch 60,0.0,0.05,0.04
batch 60,5.0,0.05,0.04
batch 60,10.0,0.05,0.04
batch 60,15.0,0.05,0.04
batch 60,20.0,0.05,0.04
batch 60,25.0,0.05,0.04
batch 60,30.0,0.05,0.04
batch 60,35.0,0.05,0.04
batch 60,40.0,0.05,0.04
batch 60,45.0,0.05,0.04
batch 60,50.0,0.05,0.04
batch 60,55.0,0.05,0.04
batch 60,60.0,0.05,0.04
batch 60,65.0,0.05,0.04
batch 60,70.0,0.05,0.04
batch 60,75.0,0.05,0.04
batch 60,80.0,0.05,0.04
batch 60,85.0,0.05,0.04
batch 60,90.0,0.05,0.04
batch 60,95.0,0.05,0.04
batch 61,0.0,0.05,0.05
batch 61,5.0,0.05,0.05
batch 61,10.0,0.05,0.05
batch 61,15.0,0.05,0.05
batch 61,20.0,0.05,0.05
batch 61,25.0,0.05,0.05
batch 61,30.0,0.05,0.05
batch 61,35.0,0.05,0.05
batch 61,40.0,0.05,0.05
batch 61,45.0,0.05,0.05
batch 61,50.0,0.05,0.05
batch 61,55.0,0.05,0.05
batch 61,60.0,0.05,0.05
batch 61,65.0,0.05,0.05
batch 61,70.0,0.05,0.05
batch 61,75.0,0.05,0.05
batch 61,80.0,0.05,0.05
batch 61,85.0,0.05,0.05
batch 61,90.0,0.05,0.05
batch 61,95.0,0.05,0.05
batch 62,0.0,0.05,0.06
batch 62,5.0,0.05,0.06
batch 62,10.0,0.05,0.06
batch 62,15.0,0.05,0.06
batch 62,20.0,0.05,0.06
batch 62,25.0,0.05,0.06
batch 62,30.0,0.05,0.06
batch 62,35.0,0.05,0.06
batch 62,40.0,0.05,0.06
batch 62,45.0,0.05,0.06
batch 62,50.0,0.05,0.06
batch 62,55.0,0.05,0.06
batch 62,60.0,0.05,0.06
batch 62,65.0,0.05,0.06
batch 62,70.0,0.05,0.06
batch 62,75.0,0.05,0.06
batch 62,80.0,0.05,0.06
batch 62,85.0,0.05,0.06
batch 62,90.0,0.05,0.06
batch 62,95.0,0.05,0.06
batch 63,0.0,0.05,0.07
batch 63,5.0,0.05,0.07
batch 63,10.0,0.05,0.07
batch 63,15.0,0.05,0.07
batch 63,20.0,0.05,0.07
batch 63,25.0,0.05,0.07
batch 63,30.0,0.05,0.07
batch 63,35.0,0.05,0.07
batch 63,40.0,0.05,0.07
batch 63,45.0,0.05,0.07
batch 63,50.0,0.05,0.07
batch 63,55.0,0.05,0.07
batch 63,60.0,0.05,0.07
batch 63,65.0,0.05,0.07
batch 63,70.0,0.05,0.07
batch 63,75.0,0.05,0.07
batch 63,80.0,0.05,0.07
batch 63,85.0,0.05,0.07
batch 63,90.0,0.05,0.07
batch 63,95.0,0.05,0.07
batch 64,0.0,0.05,0.08
batch 64,5.0,0.05,0.08
batch 64,10.0,0.05,0.08
batch 64,15.0,0.05,0.08
batch 64,20.0,0.05,0.08
batch 64,25.0,0.05,0.08
batch 64,30.0,0.05,0.08
batch 64,35.0,0.05,0.08
batch 64,40.0,0.05,0.08
batch 64,45.0,0.05,0.08
batch 64,50.0,0.05,0.08
batch 64,55.0,0.05,0.08
batch 64,60.0,0.05,0.08
batch 64,65.0,0.05,0.08
batch 64,70.0,0.05,0.08
batch 64,75.0,0.05,0.08
batch 64,80.0,0.05,0.08
batch 64,85.0,0.05,0.08
batch 64,90.0,0.05,0.08
batch 64,95.0,0.05,0.08
batch 65,0.0,0.05,0.09
batch 65,5.0,0.05,0.09
batch 65,10.0,0.05,0.09
batch 65,15.0,0.05,0.09
batch 65,20.0,0.05,0.09
batch 65,25.0,0.05,0.09
batch 65,30.0,0.05,0.09
batch 65,35.0,0.05,0.09
batch 65,40.0,0.05,0.09
batch 65,45.0,0.05,0.09
batch 65,50.0,0.05,0.09
batch 65,55.0,0.05,0.09
batch 65,60.0,0.05,0.09
batch 65,65.0,0.05,0.09
batch 65,70.0,0.05,0.09
batch 65,75.0,0.05,0.09
batch 65,80.0,0.05,0.09
batch 65,85.0,0.05,0.09
batch 65,90.0,0.05,0.09
batch 65,95.0,0.05,0.09
batch 66,0.0,0.05,0.1
batch 66,5.0,0.05,0.1
batch 66,10.0,0.05,0.1
batch 66,15.0,0.05,0.1
batch 66,20.0,0.05,0.1
batch 66,25.0,0.05,0.1
batch 66,30.0,0.05,0.1
batch 66,35.0,0.05,0.1
batch 66,40.0,0.05,0.1
batch 66,45.0,0.05,0.1
batch 66,50.0,0.05,0.1
batch 66,55.0,0.05,0.1
batch 66,60.0,0.05,0.1
batch 66,65.0,0.05,0.1
batch 66,70.0,0.05,0.1
batch 66,75.0,0.05,0.1
batch 66,80.0,0.05,0.1
batch 66,85.0,0.05,0.1
batch 66,90.0,0.05,0.1
batch 66,95.0,0.05,0.1
batch 67,0.0,0.06,0.0
batch 67,5.0,0.06,0.0
batch 67,10.0,0.06,0.0
batch 67,15.0,0.06,0.0
batch 67,20.0,0.06,0.0
batch 67,25.0,0.06,0.0
batch 67,30.0,0.06,0.0
batch 67,35.0,0.06,0.0
batch 67,40.0,0.06,0.0
batch 67,45.0,0.06,0.0
batch 67,50.0,0.06,0.0
batch 67,55.0,0.06,0.0
batch 67,60.0,0.06,0.0
batch 67,65.0,0.06,0.0
batch 67,70.0,0.06,0.0
batch 67,75.0,0.06,0.0
batch 67,80.0,0.06,0.0
batch 67,85.0,0.06,0.0
batch 67,90.0,0.06,0.0
batch 67,95.0,0.06,0.0
batch 68,0.0,0.06,0.01
batch 68,5.0,0.06,0.01
batch 68,10.0,0.06,0.01
batch 68,15.0,0.06,0.01
batch 68,20.0,0.06,0.01
batch 68,25.0,0.06,0.01
batch 68,30.0,0.06,0.01
batch 68,35.0,0.06,0.01
batch 68,40.0,0.06,0.01
batch 68,45.0,0.06,0.01
batch 68,50.0,0.06,0.01
batch 68,55.0,0.06,0.01
batch 68,60.0,0.06,0.01
batch 68,65.0,0.06,0.01
batch 68,70.0,0.06,0.01
batch 68,75.0,0.06,0.01
batch 68,80.0,0.06,0.01
batch 68,85.0,0.06,0.01
batch 68,90.0,0.06,0.01
batch 68,95.0,0.06,0.01
batch 69,0.0,0.06,0.02
batch 69,5.0,0.06,0.02
batch 69,10.0,0.06,0.02
batch 69,15.0,0.06,0.02
batch 69,20.0,0.06,0.02
batch 69,25.0,0.06,0.02
batch 69,30.0,0.06,0.02
batch 69,35.0,0.06,0.02
batch 69,40.0,0.06,0.02
batch 69,45.0,0.06,0.02
batch 69,50.0,0.06,0.02
batch 69,55.0,0.06,0.02
batch 69,60.0,0.06,0.02
batch 69,65.0,0.06,0.02
batch 69,70.0,0.06,0.02
batch 69,75.0,0.06,0.02
batch 69,80.0,0.06,0.02
batch 69,85.0,0.06,0.02
batch 69,90.0,0.06,0.02
batch 69,95.0,0.06,0.02
batch 70,0.0,0.06,0.03
batch 70,5.0,0.06,0.03
batch 70,10.0,0.06,0.03
batch 70,15.0,0.06,0.03
batch 70,20.0,0.06,0.03
batch 70,25.0,0.06,0.03
batch 70,30.0,0.06,0.03
batch 70,35.0,0.06,0.03
batch 70,40.0,0.06,0.03
batch 70,45.0,0.06,0.03
batch 70,50.0,0.06,0.03
batch 70,55.0,0.06,0.03
batch 70,60.0,0.06,0.03
batch 70,65.0,0.06,0.03
batch 70,70.0,0.06,0.03
batch 70,75.0,0.06,0.03
batch 70,80.0,0.06,0.03
batch 70,85.0,0.06,0.03
batch 70,90.0,0.06,0.03
batch 70,95.0,0.06,0.03
batch 71,0.0,0.06,0.04
batch 71,5.0,0.06,0.04
batch 71,10.0,0.06,0.04
batch 71,15.0,0.06,0.04
batch 71,20.0,0.06,0.04
batch 71,25.0,0.06,0.04
batch 71,30.0,0.06,0.04
batch 71,35.0,0.06,0.04
batch 71,40.0,0.06,0.04
batch 71,45.0,0.06,0.04
batch 71,50.0,0.06,0.04
batch 71,55.0,0.06,0.04
batch 71,60.0,0.06,0.04
batch 71,65.0,0.06,0.04
batch 71,70.0,0.06,0.04
batch 71,75.0,0.06,0.04
batch 71,80.0,0.06,0.04
batch 71,85.0,0.06,0.04
batch 71,90.0,0.06,0.04
batch 71,95.0,0.06,0.04
batch 72,0.0,0.06,0.05
batch 72,5.0,0.06,0.05
batch 72,10.0,0.06,0.05
batch 72,15.0,0.06,0.05
batch 72,20.0,0.06,0.05
batch 72,25.0,0.06,0.05
batch 72,30.0,0.06,0.05
batch 72,35.0,0.06,0.05
batch 72,40.0,0.06,0.05
batch 72,45.0,0.06,0.05
batch 72,50.0,0.06,0.05
batch 72,55.0,0.06,0.05
batch 72,60.0,0.06,0.05
batch 72,65.0,0.06,0.05
batch 72,70.0,0.06,0.05
batch 72,75.0,0.06,0.05
batch 72,80.0,0.06,0.05
batch 72,85.0,0.06,0.05
batch 72,90.0,0.06,0.05
batch 72,95.0,0.06,0.05
batch 73,0.0,0.06,0.06
batch 73,5.0,0.06,0.06
batch 73,10.0,0.06,0.06
batch 73,15.0,0.06,0.06
batch 73,20.0,0.06,0.06
batch 73,25.0,0.06,0.06
batch 73,30.0,0.06,0.06
batch 73,35.0,0.06,0.06
batch 73,40.0,0.06,0.06
batch 73,45.0,0.06,0.06
batch 73,50.0,0.06,0.06
batch 73,55.0,0.06,0.06
batch 73,60.0,0.06,0.06
batch 73,65.0,0.06,0.06
batch 73,70.0,0.06,0.06
batch 73,75.0,0.06,0.06
batch 73,80.0,0.06,0.06
batch 73,85.0,0.06,0.06
batch 73,90.0,0.06,0.06
batch 73,95.0,0.06,0.06
batch 74,0.0,0.06,0.07
batch 74,5.0,0.06,0.07
batch 74,10.0,0.06,0.07
batch 74,15.0,0.06,0.07
batch 74,20.0,0.06,0.07
batch 74,25.0,0.06,0.07
batch 74,30.0,0.06,0.07
batch 74,35.0,0.06,0.07
batch 74,40.0,0.06,0.07
batch 74,45.0,0.06,0.07
batch 74,50.0,0.06,0.07
batch 74,55.0,0.06,0.07
batch 74,60.0,0.06,0.07
batch 74,65.0,0.06,0.07
batch 74,70.0,0.06,0.07
batch 74,75.0,0.06,0.07
batch 74,80.0,0.06,0.07
batch 74,85.0,0.06,0.07
batch 74,90.0,0.06,0.07
batch 74,95.0,0.06,0.07
batch 75,0.0,0.06,0.08
batch 75,5.0,0.06,0.08
batch 75,10.0,0.06,0.08
batch 75,15.0,0.06,0.08
batch 75,20.0,0.06,0.08
batch 75,25.0,0.06,0.08
batch 75,30.0,0.06,0.08
batch 75,35.0,0.06,0.08
batch 75,40.0,0.06,0.08
batch 75,45.0,0.06,0.08
batch 75,50.0,0.06,0.08
batch 75,55.0,0.06,0.08
batch 75,60.0,0.06,0.08
batch 75,65.0,0.06,0.08
batch 75,70.0,0.06,0.08
batch 75,75.0,0.06,0.08
batch 75,80.0,0.06,0.08
batch 75,85.0,0.06,0.08
batch 75,90.0,0.06,0.08
batch 75,95.0,0.06,0.08
batch 76,0.0,0.06,0.09
batch 76,5.0,0.06,0.09
batch 76,10.0,0.06,0.09
batch 76,15.0,0.06,0.09
batch 76,20.0,0.06,0.09
batch 76,25.0,0.06,0.09
batch 76,30.0,0.06,0.09
batch 76,35.0,0.06,0.09
batch 76,40.0,0.06,0.09
batch 76,45.0,0.06,0.09
batch 76,50.0,0.06,0.09
batch 76,55.0,0.06,0.09
batch 76,60.0,0.06,0.09
batch 76,65.0,0.06,0.09
batch 76,70.0,0.06,0.09
batch 76,75.0,0.06,0.09
batch 76,80.0,0.06,0.09
batch 76,85.0,0.06,0.09
batch 76,90.0,0.06,0.09
batch 76,95.0,0.06,0.09
batch 77,0.0,0.06,0.1
batch 77,5.0,0.06,0.1
batch 77,10.0,0.06,0.1
batch 77,15.0,0.06,0.1
batch 77,20.0,0.06,0.1
batch 77,25.0,0.06,0.1
batch 77,30.0,0.06,0.1
batch 77,35.0,0.06,0.1
batch 77,40.0,0.06,0.1
batch 77,45.0,0.06,0.1
batch 77,50.0,0.06,0.1
batch 77,55.0,0.06,0.1
batch 77,60.0,0.06,0.1
batch 77,65.0,0.06,0.1
batch 77,70.0,0.06,0.1
batch 77,75.0,0.06,0.1
batch 77,80.0,0.06,0.1
batch 77,85.0,0.06,0.1
batch 77,90.0,0.06,0.1
batch 77,95.0,0.06,0.1
batch 78,0.0,0.07,0.0
batch 78,5.0,0.07,0.0
batch 78,10.0,0.07,0.0
batch 78,15.0,0.07,0.0
batch 78,20.0,0.07,0.0
batch 78,25.0,0.07,0.0
batch 78,30.0,0.07,0.0
batch 78,35.0,0.07,0.0
batch 78,40.0,0.07,0.0
batch 78,45.0,0.07,0.0
batch 78,50.0,0.07,0.0
batch 78,55.0,0.07,0.0
batch 78,60.0,0.07,0.0
batch 78,65.0,0.07,0.0
batch 78,70.0,0.07,0.0
batch 78,75.0,0.07,0.0
batch 78,80.0,0.07,0.0
batch 78,85.0,0.07,0.0
batch 78,90.0,0.07,0.0
batch 78,95.0,0.07,0.0
batch 79,0.0,0.07,0.01
batch 79,5.0,0.07,0.01
batch 79,10.0,0.07,0.01
batch 79,15.0,0.07,0.01
batch 79,20.0,0.07,0.01
batch 79,25.0,0.07,0.01
batch 79,30.0,0.07,0.01
batch 79,35.0,0.07,0.01
batch 79,40.0,0.07,0.01
batch 79,45.0,0.07,0.01
batch 79,50.0,0.07,0.01
batch 79,55.0,0.07,0.01
batch 79,60.0,0.07,0.01
batch 79,65.0,0.07,0.01
batch 79,70.0,0.07,0.01
batch 79,75.0,0.07,0.01
batch 79,80.0,0.07,0.01
batch 79,85.0,0.07,0.01
batch 79,90.0,0.07,0.01
batch 79,95.0,0.07,0.01
batch 80,0.0,0.07,0.02
batch 80,5.0,0.07,0.02
batch 80,10.0,0.07,0.02
batch 80,15.0,0.07,0.02
batch 80,20.0,0.07,0.02
batch 80,25.0,0.07,0.02
batch 80,30.0,0.07,0.02
batch 80,35.0,0.07,0.02
batch 80,40.0,0.07,0.02
batch 80,45.0,0.07,0.02
batch 80,50.0,0.07,0.02
batch 80,55.0,0.07,0.02
batch 80,60.0,0.07,0.02
batch 80,65.0,0.07,0.02
batch 80,70.0,0.07,0.02
batch 80,75.0,0.07,0.02
batch 80,80.0,0.07,0.02
batch 80,85.0,0.07,0.02
batch 80,90.0,0.07,0.02
batch 80,95.0,0.07,0.02
batch 81,0.0,0.07,0.03
batch 81,5.0,0.07,0.03
batch 81,10.0,0.07,0.03
batch 81,15.0,0.07,0.03
batch 81,20.0,0.07,0.03
batch 81,25.0,0.07,0.03
batch 81,30.0,0.07,0.03
batch 81,35.0,0.07,0.03
batch 81,40.0,0.07,0.03
batch 81,45.0,0.07,0.03
batch 81,50.0,0.07,0.03
batch 81,55.0,0.07,0.03
batch 81,60.0,0.07,0.03
batch 81,65.0,0.07,0.03
batch 81,70.0,0.07,0.03
batch 81,75.0,0.07,0.03
batch 81,80.0,0.07,0.03
batch 81,85.0,0.07,0.03
batch 81,90.0,0.07,0.03
batch 81,95.0,0.07,0.03
batch 82,0.0,0.07,0.04
batch 82,5.0,0.07,0.04
batch 82,10.0,0.07,0.04
batch 82,15.0,0.07,0.04
batch 82,20.0,0.07,0.04
batch 82,25.0,0.07,0.04
batch 82,30.0,0.07,0.04
batch 82,35.0,0.07,0.04
batch 82,40.0,0.07,0.04
batch 82,45.0,0.07,0.04
batch 82,50.0,0.07,0.04
batch 82,55.0,0.07,0.04
batch 82,60.0,0.07,0.04
batch 82,65.0,0.07,0.04
batch 82,70.0,0.07,0.04
batch 82,75.0,0.07,0.04
batch 82,80.0,0.07,0.04
batch 82,85.0,0.07,0.04
batch 82,90.0,0.07,0.04
batch 82,95.0,0.07,0.04
batch 83,0.0,0.07,0.05
batch 83,5.0,0.07,0.05
batch 83,10.0,0.07,0.05
batch 83,15.0,0.07,0.05
batch 83,20.0,0.07,0.05
batch 83,25.0,0.07,0.05
batch 83,30.0,0.07,0.05
batch 83,35.0,0.07,0.05
batch 83,40.0,0.07,0.05
batch 83,45.0,0.07,0.05
batch 83,50.0,0.07,0.05
batch 83,55.0,0.07,0.05
batch 83,60.0,0.07,0.05
batch 83,65.0,0.07,0.05
batch 83,70.0,0.07,0.05
batch 83,75.0,0.07,0.05
batch 83,80.0,0.07,0.05
batch 83,85.0,0.07,0.05
batch 83,90.0,0.07,0.05
batch 83,95.0,0.07,0.05
batch 84,0.0,0.07,0.06
batch 84,5.0,0.07,0.06
batch 84,10.0,0.07,0.06
batch 84,15.0,0.07,0.06
batch 84,20.0,0.07,0.06
batch 84,25.0,0.07,0.06
batch 84,30.0,0.07,0.06
batch 84,35.0,0.07,0.06
batch 84,40.0,0.07,0.06
batch 84,45.0,0.07,0.06
batch 84,50.0,0.07,0.06
batch 84,55.0,0.07,0.06
batch 84,60.0,0.07,0.06
batch 84,65.0,0.07,0.06
batch 84,70.0,0.07,0.06
batch 84,75.0,0.07,0.06
batch 84,80.0,0.07,0.06
batch 84,85.0,0.07,0.06
batch 84,90.0,0.07,0.06
batch 84,95.0,0.07,0.06
batch 85,0.0,0.07,0.07
batch 85,5.0,0.07,0.07
batch 85,10.0,0.07,0.07
batch 85,15.0,0.07,0.07
batch 85,20.0,0.07,0.07
batch 85,25.0,0.07,0.07
batch 85,30.0,0.07,0.07
batch 85,35.0,0.07,0.07
batch 85,40.0,0.07,0.07
batch 85,45.0,0.07,0.07
batch 85,50.0,0.07,0.07
batch 85,55.0,0.07,0.07
batch 85,60.0,0.07,0.07
batch 85,65.0,0.07,0.07
batch 85,70.0,0.07,0.07
batch 85,75.0,0.07,0.07
batch 85,80.0,0.07,0.07
batch 85,85.0,0.07,0.07
batch 85,90.0,0.07,0.07
batch 85,95.0,0.07,0.07
batch 86,0.0,0.07,0.08
batch 86,5.0,0.07,0.08
batch 86,10.0,0.07,0.08
batch 86,15.0,0.07,0.08
batch 86,20.0,0.07,0.08
batch 86,25.0,0.07,0.08
batch 86,30.0,0.07,0.08
batch 86,35.0,0.07,0.08
batch 86,40.0,0.07,0.08
batch 86,45.0,0.07,0.08
batch 86,50.0,0.07,0.08
batch 86,55.0,0.07,0.08
batch 86,60.0,0.07,0.08
batch 86,65.0,0.07,0.08
batch 86,70.0,0.07,0.08
batch 86,75.0,0.07,0.08
batch 86,80.0,0.07,0.08
batch 86,85.0,0.07,0.08
batch 86,90.0,0.07,0.08
batch 86,95.0,0.07,0.08
batch 87,0.0,0.07,0.09
batch 87,5.0,0.07,0.09
batch 87,10.0,0.07,0.09
batch 87,15.0,0.07,0.09
batch 87,20.0,0.07,0.09
batch 87,25.0,0.07,0.09
batch 87,30.0,0.07,0.09
batch 87,35.0,0.07,0.09
batch 87,40.0,0.07,0.09
batch 87,45.0,0.07,0.09
batch 87,50.0,0.07,0.09
batch 87,55.0,0.07,0.09
batch 87,60.0,0.07,0.09
batch 87,65.0,0.07,0.09
batch 87,70.0,0.07,0.09
batch 87,75.0,0.07,0.09
batch 87,80.0,0.07,0.09
batch 87,85.0,0.07,0.09
batch 87,90.0,0.07,0.09
batch 87,95.0,0.07,0.09
batch 88,0.0,0.07,0.1
batch 88,5.0,0.07,0.1
batch 88,10.0,0.07,0.1
batch 88,15.0,0.07,0.1
batch 88,20.0,0.07,0.1
batch 88,25.0,0.07,0.1
batch 88,30.0,0.07,0.1
batch 88,35.0,0.07,0.1
batch 88,40.0,0.07,0.1
batch 88,45.0,0.07,0.1
batch 88,50.0,0.07,0.1
batch 88,55.0,0.07,0.1
batch 88,60.0,0.07,0.1
batch 88,65.0,0.07,0.1
batch 88,70.0,0.07,0.1
batch 88,75.0,0.07,0.1
batch 88,80.0,0.07,0.1
batch 88,85.0,0.07,0.1
batch 88,90.0,0.07,0.1
batch 88,95.0,0.07,0.1
batch 89,0.0,0.08,0.0
batch 89,5.0,0.08,0.0
batch 89,10.0,0.08,0.0
batch 89,15.0,0.08,0.0
batch 89,20.0,0.08,0.0
batch 89,25.0,0.08,0.0
batch 89,30.0,0.08,0.0
batch 89,35.0,0.08,0.0
batch 89,40.0,0.08,0.0
batch 89,45.0,0.08,0.0
batch 89,50.0,0.08,0.0
batch 89,55.0,0.08,0.0
batch 89,60.0,0.08,0.0
batch 89,65.0,0.08,0.0
batch 89,70.0,0.08,0.0
batch 89,75.0,0.08,0.0
batch 89,80.0,0.08,0.0
batch 89,85.0,0.08,0.0
batch 89,90.0,0.08,0.0
batch 89,95.0,0.08,0.0
batch 90,0.0,0.08,0.01
batch 90,5.0,0.08,0.01
batch 90,10.0,0.08,0.01
batch 90,15.0,0.08,0.01
batch 90,20.0,0.08,0.01
batch 90,25.0,0.08,0.01
batch 90,30.0,0.08,0.01
batch 90,35.0,0.08,0.01
batch 90,40.0,0.08,0.01
batch 90,45.0,0.08,0.01
batch 90,50.0,0.08,0.01
batch 90,55.0,0.08,0.01
batch 90,60.0,0.08,0.01
batch 90,65.0,0.08,0.01
batch 90,70.0,0.08,0.01
batch 90,75.0,0.08,0.01
batch 90,80.0,0.08,0.01
batch 90,85.0,0.08,0.01
batch 90,90.0,0.08,0.01
batch 90,95.0,0.08,0.01
batch 91,0.0,0.08,0.02
batch 91,5.0,0.08,0.02
batch 91,10.0,0.08,0.02
batch 91,15.0,0.08,0.02
batch 91,20.0,0.08,0.02
batch 91,25.0,0.08,0.02
batch 91,30.0,0.08,0.02
batch 91,35.0,0.08,0.02
batch 91,40.0,0.08,0.02
batch 91,45.0,0.08,0.02
batch 91,50.0,0.08,0.02
batch 91,55.0,0.08,0.02
batch 91,60.0,0.08,0.02
batch 91,65.0,0.08,0.02
batch 91,70.0,0.08,0.02
batch 91,75.0,0.08,0.02
batch 91,80.0,0.08,0.02
batch 91,85.0,0.08,0.02
batch 91,90.0,0.08,0.02
batch 91,95.0,0.08,0.02
batch 92,0.0,0.08,0.03
batch 92,5.0,0.08,0.03
batch 92,10.0,0.08,0.03
batch 92,15.0,0.08,0.03
batch 92,20.0,0.08,0.03
batch 92,25.0,0.08,0.03
batch 92,30.0,0.08,0.03
batch 92,35.0,0.08,0.03
batch 92,40.0,0.08,0.03
batch 92,45.0,0.08,0.03
batch 92,50.0,0.08,0.03
batch 92,55.0,0.08,0.03
batch 92,60.0,0.08,0.03
batch 92,65.0,0.08,0.03
batch 92,70.0,0.08,0.03
batch 92,75.0,0.08,0.03
batch 92,80.0,0.08,0.03
batch 92,85.0,0.08,0.03
batch 92,90.0,0.08,0.03
batch 92,95.0,0.08,0.03
batch 93,0.0,0.08,0.04
batch 93,5.0,0.08,0.04
batch 93,10.0,0.08,0.04
batch 93,15.0,0.08,0.04
batch 93,20.0,0.08,0.04
batch 93,25.0,0.08,0.04
batch 93,30.0,0.08,0.04
batch 93,35.0,0.08,0.04
batch 93,40.0,0.08,0.04
batch 93,45.0,0.08,0.04
batch 93,50.0,0.08,0.04
batch 93,55.0,0.08,0.04
batch 93,60.0,0.08,0.04
batch 93,65.0,0.08,0.04
batch 93,70.0,0.08,0.04
batch 93,75.0,0.08,0.04
batch 93,80.0,0.08,0.04
batch 93,85.0,0.08,0.04
batch 93,90.0,0.08,0.04
batch 93,95.0,0.08,0.04
batch 94,0.0,0.08,0.05
batch 94,5.0,0.08,0.05
batch 94,10.0,0.08,0.05
batch 94,15.0,0.08,0.05
batch 94,20.0,0.08,0.05
batch 94,25.0,0.08,0.05
batch 94,30.0,0.08,0.05
batch 94,35.0,0.08,0.05
batch 94,40.0,0.08,0.05
batch 94,45.0,0.08,0.05
batch 94,50.0,0.08,0.05
batch 94,55.0,0.08,0.05
batch 94,60.0,0.08,0.05
batch 94,65.0,0.08,0.05
batch 94,70.0,0.08,0.05
batch 94,75.0,0.08,0.05
batch 94,80.0,0.08,0.05
batch 94,85.0,0.08,0.05
batch 94,90.0,0.08,0.05
batch 94,95.0,0.08,0.05
batch 95,0.0,0.08,0.06
batch 95,5.0,0.08,0.06
batch 95,10.0,0.08,0.06
batch 95,15.0,0.08,0.06
batch 95,20.0,0.08,0.06
batch 95,25.0,0.08,0.06
batch 95,30.0,0.08,0.06
batch 95,35.0,0.08,0.06
batch 95,40.0,0.08,0.06
batch 95,45.0,0.08,0.06
batch 95,50.0,0.08,0.06
batch 95,55.0,0.08,0.06
batch 95,60.0,0.08,0.06
batch 95,65.0,0.08,0.06
batch 95,70.0,0.08,0.06
batch 95,75.0,0.08,0.06
batch 95,80.0,0.08,0.06
batch 95,85.0,0.08,0.06
batch 95,90.0,0.08,0.06
batch 95,95.0,0.08,0.06
batch 96,0.0,0.08,0.07
batch 96,5.0,0.08,0.07
batch 96,10.0,0.08,0.07
batch 96,15.0,0.08,0.07
batch 96,20.0,0.08,0.07
batch 96,25.0,0.08,0.07
batch 96,30.0,0.08,0.07
batch 96,35.0,0.08,0.07
batch 96,40.0,0.08,0.07
batch 96,45.0,0.08,0.07
batch 96,50.0,0.08,0.07
batch 96,55.0,0.08,0.07
batch 96,60.0,0.08,0.07
batch 96,65.0,0.08,0.07
batch 96,70.0,0.08,0.07
batch 96,75.0,0.08,0.07
batch 96,80.0,0.08,0.07
batch 96,85.0,0.08,0.07
batch 96,90.0,0.08,0.07
batch 96,95.0,0.08,0.07
batch 97,0.0,0.08,0.08
batch 97,5.0,0.08,0.08
batch 97,10.0,0.08,0.08
batch 97,15.0,0.08,0.08
batch 97,20.0,0.08,0.08
batch 97,25.0,0.08,0.08
batch 97,30.0,0.08,0.08
batch 97,35.0,0.08,0.08
batch 97,40.0,0.08,0.08
batch 97,45.0,0.08,0.08
batch 97,50.0,0.08,0.08
batch 97,55.0,0.08,0.08
batch 97,60.0,0.08,0.08
batch 97,65.0,0.08,0.08
batch 97,70.0,0.08,0.08
batch 97,75.0,0.08,0.08
batch 97,80.0,0.08,0.08
batch 97,85.0,0.08,0.08
batch 97,90.0,0.08,0.08
batch 97,95.0,0.08,0.08
batch 98,0.0,0.08,0.09
batch 98,5.0,0.08,0.09
batch 98,10.0,0.08,0.09
batch 98,15.0,0.08,0.09
batch 98,20.0,0.08,0.09
batch 98,25.0,0.08,0.09
batch 98,30.0,0.08,0.09
batch 98,35.0,0.08,0.09
batch 98,40.0,0.08,0.09
batch 98,45.0,0.08,0.09
batch 98,50.0,0.08,0.09
batch 98,55.0,0.08,0.09
batch 98,60.0,0.08,0.09
batch 98,65.0,0.08,0.09
batch 98,70.0,0.08,0.09
batch 98,75.0,0.08,0.09
batch 98,80.0,0.08,0.09
batch 98,85.0,0.08,0.09
batch 98,90.0,0.08,0.09
batch 98,95.0,0.08,0.09
batch 99,0.0,0.08,0.1
batch 99,5.0,0.08,0.1
batch 99,10.0,0.08,0.1
batch 99,15.0,0.08,0.1
batch 99,20.0,0.08,0.1
batch 99,25.0,0.08,0.1
batch 99,30.0,0.08,0.1
batch 99,35.0,0.08,0.1
batch 99,40.0,0.08,0.1
batch 99,45.0,0.08,0.1
batch 99,50.0,0.08,0.1
batch 99,55.0,0.08,0.1
batch 99,60.0,0.08,0.1
batch 99,65.0,0.08,0.1
batch 99,70.0,0.08,0.1
batch 99,75.0,0.08,0.1
batch 99,80.0,0.08,0.1
batch 99,85.0,0.08,0.1
batch 99,90.0,0.08,0.1
batch 99,95.0,0.08,0.1
batch 100,0.0,0.09,0.0
batch 100,5.0,0.09,0.0
batch 100,10.0,0.09,0.0
batch 100,15.0,0.09,0.0
batch 100,20.0,0.09,0.0
batch 100,25.0,0.09,0.0
batch 100,30.0,0.09,0.0
batch 100,35.0,0.09,0.0
batch 100,40.0,0.09,0.0
batch 100,45.0,0.09,0.0
batch 100,50.0,0.09,0.0
batch 100,55.0,0.09,0.0
batch 100,60.0,0.09,0.0
batch 100,65.0,0.09,0.0
batch 100,70.0,0.09,0.0
batch 100,75.0,0.09,0.0
batch 100,80.0,0.09,0.0
batch 100,85.0,0.09,0.0
batch 100,90.0,0.09,0.0
batch 100,95.0,0.09,0.0
batch 101,0.0,0.09,0.01
batch 101,5.0,0.09,0.01
batch 101,10.0,0.09,0.01
batch 101,15.0,0.09,0.01
batch 101,20.0,0.09,0.01
batch 101,25.0,0.09,0.01
batch 101,30.0,0.09,0.01
batch 101,35.0,0.09,0.01
batch 101,40.0,0.09,0.01
batch 101,45.0,0.09,0.01
batch 101,50.0,0.09,0.01
batch 101,55.0,0.09,0.01
batch 101,60.0,0.09,0.01
batch 101,65.0,0.09,0.01
batch 101,70.0,0.09,0.01
batch 101,75.0,0.09,0.01
batch 101,80.0,0.09,0.01
batch 101,85.0,0.09,0.01
batch 101,90.0,0.09,0.01
batch 101,95.0,0.09,0.01
batch 102,0.0,0.09,0.02
batch 102,5.0,0.09,0.02
batch 102,10.0,0.09,0.02
batch 102,15.0,0.09,0.02
batch 102,20.0,0.09,0.02
batch 102,25.0,0.09,0.02
batch 102,30.0,0.09,0.02
batch 102,35.0,0.09,0.02
batch 102,40.0,0.09,0.02
batch 102,45.0,0.09,0.02
batch 102,50.0,0.09,0.02
batch 102,55.0,0.09,0.02
batch 102,60.0,0.09,0.02
batch 102,65.0,0.09,0.02
batch 102,70.0,0.09,0.02
batch 102,75.0,0.09,0.02
batch 102,80.0,0.09,0.02
batch 102,85.0,0.09,0.02
batch 102,90.0,0.09,0.02
batch 102,95.0,0.09,0.02
batch 103,0.0,0.09,0.03
batch 103,5.0,0.09,0.03
batch 103,10.0,0.09,0.03
batch 103,15.0,0.09,0.03
batch 103,20.0,0.09,0.03
batch 103,25.0,0.09,0.03
batch 103,30.0,0.09,0.03
batch 103,35.0,0.09,0.03
batch 103,40.0,0.09,0.03
batch 103,45.0,0.09,0.03
batch 103,50.0,0.09,0.03
batch 103,55.0,0.09,0.03
batch 103,60.0,0.09,0.03
batch 103,65.0,0.09,0.03
batch 103,70.0,0.09,0.03
batch 103,75.0,0.09,0.03
batch 103,80.0,0.09,0.03
batch 103,85.0,0.09,0.03
batch 103,90.0,0.09,0.03
batch 103,95.0,0.09,0.03
batch 104,0.0,0.09,0.04
batch 104,5.0,0.09,0.04
batch 104,10.0,0.09,0.04
batch 104,15.0,0.09,0.04
batch 104,20.0,0.09,0.04
batch 104,25.0,0.09,0.04
batch 104,30.0,0.09,0.04
batch 104,35.0,0.09,0.04
batch 104,40.0,0.09,0.04
batch 104,45.0,0.09,0.04
batch 104,50.0,0.09,0.04
batch 104,55.0,0.09,0.04
batch 104,60.0,0.09,0.04
batch 104,65.0,0.09,0.04
batch 104,70.0,0.09,0.04
batch 104,75.0,0.09,0.04
batch 104,80.0,0.09,0.04
batch 104,85.0,0.09,0.04
batch 104,90.0,0.09,0.04
batch 104,95.0,0.09,0.04
batch 105,0.0,0.09,0.05
batch 105,5.0,0.09,0.05
batch 105,10.0,0.09,0.05
batch 105,15.0,0.09,0.05
batch 105,20.0,0.09,0.05
batch 105,25.0,0.09,0.05
batch 105,30.0,0.09,0.05
batch 105,35.0,0.09,0.05
batch 105,40.0,0.09,0.05
batch 105,45.0,0.09,0.05
batch 105,50.0,0.09,0.05
batch 105,55.0,0.09,0.05
batch 105,60.0,0.09,0.05
batch 105,65.0,0.09,0.05
batch 105,70.0,0.09,0.05
batch 105,75.0,0.09,0.05
batch 105,80.0,0.09,0.05
batch 105,85.0,0.09,0.05
batch 105,90.0,0.09,0.05
batch 105,95.0,0.09,0.05
batch 106,0.0,0.09,0.06
batch 106,5.0,0.09,0.06
batch 106,10.0,0.09,0.06
batch 106,15.0,0.09,0.06
batch 106,20.0,0.09,0.06
batch 106,25.0,0.09,0.06
batch 106,30.0,0.09,0.06
batch 106,35.0,0.09,0.06
batch 106,40.0,0.09,0.06
batch 106,45.0,0.09,0.06
batch 106,50.0,0.09,0.06
batch 106,55.0,0.09,0.06
batch 106,60.0,0.09,0.06
batch 106,65.0,0.09,0.06
batch 106,70.0,0.09,0.06
batch 106,75.0,0.09,0.06
batch 106,80.0,0.09,0.06
batch 106,85.0,0.09,0.06
batch 106,90.0,0.09,0.06
batch 106,95.0,0.09,0.06
batch 107,0.0,0.09,0.07
batch 107,5.0,0.09,0.07
batch 107,10.0,0.09,0.07
batch 107,15.0,0.09,0.07
batch 107,20.0,0.09,0.07
batch 107,25.0,0.09,0.07
batch 107,30.0,0.09,0.07
batch 107,35.0,0.09,0.07
batch 107,40.0,0.09,0.07
batch 107,45.0,0.09,0.07
batch 107,50.0,0.09,0.07
batch 107,55.0,0.09,0.07
batch 107,60.0,0.09,0.07
batch 107,65.0,0.09,0.07
batch 107,70.0,0.09,0.07
batch 107,75.0,0.09,0.07
batch 107,80.0,0.09,0.07
batch 107,85.0,0.09,0.07
batch 107,90.0,0.09,0.07
batch 107,95.0,0.09,0.07
batch 108,0.0,0.09,0.08
batch 108,5.0,0.09,0.08
batch 108,10.0,0.09,0.08
batch 108,15.0,0.09,0.08
batch 108,20.0,0.09,0.08
batch 108,25.0,0.09,0.08
batch 108,30.0,0.09,0.08
batch 108,35.0,0.09,0.08
batch 108,40.0,0.09,0.08
batch 108,45.0,0.09,0.08
batch 108,50.0,0.09,0.08
batch 108,55.0,0.09,0.08
batch 108,60.0,0.09,0.08
batch 108,65.0,0.09,0.08
batch 108,70.0,0.09,0.08
batch 108,75.0,0.09,0.08
batch 108,80.0,0.09,0.08
batch 108,85.0,0.09,0.08
batch 108,90.0,0.09,0.08
batch 108,95.0,0.09,0.08
batch 109,0.0,0.09,0.09
batch 109,5.0,0.09,0.09
batch 109,10.0,0.09,0.09
batch 109,15.0,0.09,0.09
batch 109,20.0,0.09,0.09
batch 109,25.0,0.09,0.09
batch 109,30.0,0.09,0.09
batch 109,35.0,0.09,0.09
batch 109,40.0,0.09,0.09
batch 109,45.0,0.09,0.09
batch 109,50.0,0.09,0.09
batch 109,55.0,0.09,0.09
batch 109,60.0,0.09,0.09
batch 109,65.0,0.09,0.09
batch 109,70.0,0.09,0.09
batch 109,75.0,0.09,0.09
batch 109,80.0,0.09,0.09
batch 109,85.0,0.09,0.09
batch 109,90.0,0.09,0.09
batch 109,95.0,0.09,0.09
batch 110,0.0,0.09,0.1
batch 110,5.0,0.09,0.1
batch 110,10.0,0.09,0.1
batch 110,15.0,0.09,0.1
batch 110,20.0,0.09,0.1
batch 110,25.0,0.09,0.1
batch 110,30.0,0.09,0.1
batch 110,35.0,0.09,0.1
batch 110,40.0,0.09,0.1
batch 110,45.0,0.09,0.1
batch 110,50.0,0.09,0.1
batch 110,55.0,0.09,0.1
batch 110,60.0,0.09,0.1
batch 110,65.0,0.09,0.1
batch 110,70.0,0.09,0.1
batch 110,75.0,0.09,0.1
batch 110,80.0,0.09,0.1
batch 110,85.0,0.09,0.1
batch 110,90.0,0.09,0.1
batch 110,95.0,0.09,0.1
batch 111,0.0,0.1,0.0
batch 111,5.0,0.1,0.0
batch 111,10.0,0.1,0.0
batch 111,15.0,0.1,0.0
batch 111,20.0,0.1,0.0
batch 111,25.0,0.1,0.0
batch 111,30.0,0.1,0.0
batch 111,35.0,0.1,0.0
batch 111,40.0,0.1,0.0
batch 111,45.0,0.1,0.0
batch 111,50.0,0.1,0.0
batch 111,55.0,0.1,0.0
batch 111,60.0,0.1,0.0
batch 111,65.0,0.1,0.0
batch 111,70.0,0.1,0.0
batch 111,75.0,0.1,0.0
batch 111,80.0,0.1,0.0
batch 111,85.0,0.1,0.0
batch 111,90.0,0.1,0.0
batch 111,95.0,0.1,0.0
batch 112,0.0,0.1,0.01
batch 112,5.0,0.1,0.01
batch 112,10.0,0.1,0.01
batch 112,15.0,0.1,0.01
batch 112,20.0,0.1,0.01
batch 112,25.0,0.1,0.01
batch 112,30.0,0.1,0.01
batch 112,35.0,0.1,0.01
batch 112,40.0,0.1,0.01
batch 112,45.0,0.1,0.01
batch 112,50.0,0.1,0.01
batch 112,55.0,0.1,0.01
batch 112,60.0,0.1,0.01
batch 112,65.0,0.1,0.01
batch 112,70.0,0.1,0.01
batch 112,75.0,0.1,0.01
batch 112,80.0,0.1,0.01
batch 112,85.0,0.1,0.01
batch 112,90.0,0.1,0.01
batch 112,95.0,0.1,0.01
batch 113,0.0,0.1,0.02
batch 113,5.0,0.1,0.02
batch 113,10.0,0.1,0.02
batch 113,15.0,0.1,0.02
batch 113,20.0,0.1,0.02
batch 113,25.0,0.1,0.02
batch 113,30.0,0.1,0.02
batch 113,35.0,0.1,0.02
batch 113,40.0,0.1,0.02
batch 113,45.0,0.1,0.02
batch 113,50.0,0.1,0.02
batch 113,55.0,0.1,0.02
batch 113,60.0,0.1,0.02
batch 113,65.0,0.1,0.02
batch 113,70.0,0.1,0.02
batch 113,75.0,0.1,0.02
batch 113,80.0,0.1,0.02
batch 113,85.0,0.1,0.02
batch 113,90.0,0.1,0.02
batch 113,95.0,0.1,0.02
batch 114,0.0,0.1,0.03
batch 114,5.0,0.1,0.03
batch 114,10.0,0.1,0.03
batch 114,15.0,0.1,0.03
batch 114,20.0,0.1,0.03
batch 114,25.0,0.1,0.03
batch 114,30.0,0.1,0.03
batch 114,35.0,0.1,0.03
batch 114,40.0,0.1,0.03
batch 114,45.0,0.1,0.03
batch 114,50.0,0.1,0.03
batch 114,55.0,0.1,0.03
batch 114,60.0,0.1,0.03
batch 114,65.0,0.1,0.03
batch 114,70.0,0.1,0.03
batch 114,75.0,0.1,0.03
batch 114,80.0,0.1,0.03
batch 114,85.0,0.1,0.03
batch 114,90.0,0.1,0.03
batch 114,95.0,0.1,0.03
batch 115,0.0,0.1,0.04
batch 115,5.0,0.1,0.04
batch 115,10.0,0.1,0.04
batch 115,15.0,0.1,0.04
batch 115,20.0,0.1,0.04
batch 115,25.0,0.1,0.04
batch 115,30.0,0.1,0.04
batch 115,35.0,0.1,0.04
batch 115,40.0,0.1,0.04
batch 115,45.0,0.1,0.04
batch 115,50.0,0.1,0.04
batch 115,55.0,0.1,0.04
batch 115,60.0,0.1,0.04
batch 115,65.0,0.1,0.04
batch 115,70.0,0.1,0.04
batch 115,75.0,0.1,0.04
batch 115,80.0,0.1,0.04
batch 115,85.0,0.1,0.04
batch 115,90.0,0.1,0.04
batch 115,95.0,0.1,0.04
batch 116,0.0,0.1,0.05
batch 116,5.0,0.1,0.05
batch 116,10.0,0.1,0.05
batch 116,15.0,0.1,0.05
batch 116,20.0,0.1,0.05
batch 116,25.0,0.1,0.05
batch 116,30.0,0.1,0.05
batch 116,35.0,0.1,0.05
batch 116,40.0,0.1,0.05
batch 116,45.0,0.1,0.05
batch 116,50.0,0.1,0.05
batch 116,55.0,0.1,0.05
batch 116,60.0,0.1,0.05
batch 116,65.0,0.1,0.05
batch 116,70.0,0.1,0.05
batch 116,75.0,0.1,0.05
batch 116,80.0,0.1,0.05
batch 116,85.0,0.1,0.05
batch 116,90.0,0.1,0.05
batch 116,95.0,0.1,0.05
batch 117,0.0,0.1,0.06
batch 117,5.0,0.1,0.06
batch 117,10.0,0.1,0.06
batch 117,15.0,0.1,0.06
batch 117,20.0,0.1,0.06
batch 117,25.0,0.1,0.06
batch 117,30.0,0.1,0.06
batch 117,35.0,0.1,0.06
batch 117,40.0,0.1,0.06
batch 117,45.0,0.1,0.06
batch 117,50.0,0.1,0.06
batch 117,55.0,0.1,0.06
batch 117,60.0,0.1,0.06
batch 117,65.0,0.1,0.06
batch 117,70.0,0.1,0.06
batch 117,75.0,0.1,0.06
batch 117,80.0,0.1,0.06
batch 117,85.0,0.1,0.06
batch 117,90.0,0.1,0.06
batch 117,95.0,0.1,0.06
batch 118,0.0,0.1,0.07
batch 118,5.0,0.1,0.07
batch 118,10.0,0.1,0.07
batch 118,15.0,0.1,0.07
batch 118,20.0,0.1,0.07
batch 118,25.0,0.1,0.07
batch 118,30.0,0.1,0.07
batch 118,35.0,0.1,0.07
batch 118,40.0,0.1,0.07
batch 118,45.0,0.1,0.07
batch 118,50.0,0.1,0.07
batch 118,55.0,0.1,0.07
batch 118,60.0,0.1,0.07
batch 118,65.0,0.1,0.07
batch 118,70.0,0.1,0.07
batch 118,75.0,0.1,0.07
batch 118,80.0,0.1,0.07
batch 118,85.0,0.1,0.07
batch 118,90.0,0.1,0.07
batch 118,95.0,0.1,0.07
batch 119,0.0,0.1,0.08
batch 119,5.0,0.1,0.08
batch 119,10.0,0.1,0.08
batch 119,15.0,0.1,0.08
batch 119,20.0,0.1,0.08
batch 119,25.0,0.1,0.08
batch 119,30.0,0.1,0.08
batch 119,35.0,0.1,0.08
batch 119,40.0,0.1,0.08
batch 119,45.0,0.1,0.08
batch 119,50.0,0.1,0.08
batch 119,55.0,0.1,0.08
batch 119,60.0,0.1,0.08
batch 119,65.0,0.1,0.08
batch 119,70.0,0.1,0.08
batch 119,75.0,0.1,0.08
batch 119,80.0,0.1,0.08
batch 119,85.0,0.1,0.08
batch 119,90.0,0.1,0.08
batch 119,95.0,0.1,0.08
batch 120,0.0,0.1,0.09
batch 120,5.0,0.1,0.09
batch 120,10.0,0.1,0.09
batch 120,15.0,0.1,0.09
batch 120,20.0,0.1,0.09
batch 120,25.0,0.1,0.09
batch 120,30.0,0.1,0.09
batch 120,35.0,0.1,0.09
batch 120,40.0,0.1,0.09
batch 120,45.0,0.1,0.09
batch 120,50.0,0.1,0.09
batch 120,55.0,0.1,0.09
batch 120,60.0,0.1,0.09
batch 120,65.0,0.1,0.09
batch 120,70.0,0.1,0.09
batch 120,75.0,0.1,0.09
batch 120,80.0,0.1,0.09
batch 120,85.0,0.1,0.09
batch 120,90.0,0.1,0.09
batch 120,95.0,0.1,0.09
batch 121,0.0,0.1,0.1
batch 121,5.0,0.1,0.1
batch 121,10.0,0.1,0.1
batch 121,15.0,0.1,0.1
batch 121,20.0,0.1,0.1
batch 121,25.0,0.1,0.1
batch 121,30.0,0.1,0.1
batch 121,35.0,0.1,0.1
batch 121,40.0,0.1,0.1
batch 121,45.0,0.1,0.1
batch 121,50.0,0.1,0.1
batch 121,55.0,0.1,0.1
batch 121,60.0,0.1,0.1
batch 121,65.0,0.1,0.1
batch 121,70.0,0.1,0.1
batch 121,75.0,0.1,0.1
batch 121,80.0,0.1,0.1
batch 121,85.0,0.1,0.1
batch 121,90.0,0.1,0.1
batch 121,95.0,0.1,0.1
